USE hotel;

insert into RoomType (TypeID, TypeName) values (1, 'Pent House');
insert into RoomType (TypeID, TypeName) values (2, 'Honey Moon');
insert into RoomType (TypeID, TypeName) values (3, 'Suit');
insert into RoomType (TypeID, TypeName) values (4, 'King');
insert into RoomType (TypeID, TypeName) values (5, 'Queen');
insert into RoomType (TypeID, TypeName) values (6, 'Double');

insert into Amenities (AmID, AmType, Price) values (1, 'fridge', '41.75');
insert into Amenities (AmID, AmType, Price) values (2, 'spa bath', '79.12');
insert into Amenities (AmID, AmType, Price) values (3, 'balcony', '96.81');
insert into Amenities (AmID, AmType, Price) values (4, 'great view', '90.23');
insert into Amenities (AmID, AmType, Price) values (5, 'minibar', '43.16');
insert into Amenities (AmID, AmType, Price) values (6, 'HD TV', '21.90');

insert into Room (RoomNumber, Floor, MaxOccupancy, RoomType) values (12, 1, 5, 1);
insert into Room (RoomNumber, Floor, MaxOccupancy, RoomType) values (13, 1, 1, 3);
insert into Room (RoomNumber, Floor, MaxOccupancy, RoomType) values (14, 1, 8, 5);
insert into Room (RoomNumber, Floor, MaxOccupancy, RoomType) values (15, 1, 6, 1);
insert into Room (RoomNumber, Floor, MaxOccupancy, RoomType) values (16, 1, 5, 4);
insert into Room (RoomNumber, Floor, MaxOccupancy, RoomType) values (17, 1, 1, 5);
insert into Room (RoomNumber, Floor, MaxOccupancy, RoomType) values (18, 1, 6, 5);
insert into Room (RoomNumber, Floor, MaxOccupancy, RoomType) values (19, 1, 5, 6);
insert into Room (RoomNumber, Floor, MaxOccupancy, RoomType) values (11, 1, 6, 2);
insert into Room (RoomNumber, Floor, MaxOccupancy, RoomType) values (21, 2, 2, 5);
insert into Room (RoomNumber, Floor, MaxOccupancy, RoomType) values (22, 2, 4, 6);
insert into Room (RoomNumber, Floor, MaxOccupancy, RoomType) values (23, 2, 8, 3);
insert into Room (RoomNumber, Floor, MaxOccupancy, RoomType) values (24, 2, 3, 5);
insert into Room (RoomNumber, Floor, MaxOccupancy, RoomType) values (25, 2, 3, 6);
insert into Room (RoomNumber, Floor, MaxOccupancy, RoomType) values (26, 2, 3, 6);
insert into Room (RoomNumber, Floor, MaxOccupancy, RoomType) values (27, 2, 5, 3);
insert into Room (RoomNumber, Floor, MaxOccupancy, RoomType) values (28, 2, 8, 1);
insert into Room (RoomNumber, Floor, MaxOccupancy, RoomType) values (29, 2, 2, 2);
insert into Room (RoomNumber, Floor, MaxOccupancy, RoomType) values (20, 2, 6, 4);
insert into Room (RoomNumber, Floor, MaxOccupancy, RoomType) values (30, 3, 7, 4);
insert into Room (RoomNumber, Floor, MaxOccupancy, RoomType) values (31, 3, 3, 6);
insert into Room (RoomNumber, Floor, MaxOccupancy, RoomType) values (32, 3, 2, 4);
insert into Room (RoomNumber, Floor, MaxOccupancy, RoomType) values (33, 3, 5, 2);
insert into Room (RoomNumber, Floor, MaxOccupancy, RoomType) values (34, 3, 2, 1);
insert into Room (RoomNumber, Floor, MaxOccupancy, RoomType) values (35, 3, 1, 2);
insert into Room (RoomNumber, Floor, MaxOccupancy, RoomType) values (36, 3, 6, 3);
insert into Room (RoomNumber, Floor, MaxOccupancy, RoomType) values (37, 3, 8, 2);
insert into Room (RoomNumber, Floor, MaxOccupancy, RoomType) values (38, 3, 4, 4);
insert into Room (RoomNumber, Floor, MaxOccupancy, RoomType) values (39, 3, 3, 3);
insert into Room (RoomNumber, Floor, MaxOccupancy, RoomType) values (41, 4, 5, 1);
insert into Room (RoomNumber, Floor, MaxOccupancy, RoomType) values (42, 4, 4, 4);
insert into Room (RoomNumber, Floor, MaxOccupancy, RoomType) values (43, 4, 8, 5);
insert into Room (RoomNumber, Floor, MaxOccupancy, RoomType) values (44, 4, 4, 4);
insert into Room (RoomNumber, Floor, MaxOccupancy, RoomType) values (45, 4, 1, 3);
insert into Room (RoomNumber, Floor, MaxOccupancy, RoomType) values (46, 4, 6, 4);
insert into Room (RoomNumber, Floor, MaxOccupancy, RoomType) values (47, 4, 5, 3);
insert into Room (RoomNumber, Floor, MaxOccupancy, RoomType) values (48, 4, 6, 6);
insert into Room (RoomNumber, Floor, MaxOccupancy, RoomType) values (49, 4, 2, 4);
insert into Room (RoomNumber, Floor, MaxOccupancy, RoomType) values (40, 4, 1, 6);

insert into RoomAmenities (RoomAmenitiesID, RoomID, AmID) values (1, 17, 1);
insert into RoomAmenities (RoomAmenitiesID, RoomID, AmID) values (2, 33, 3);
insert into RoomAmenities (RoomAmenitiesID, RoomID, AmID) values (3, 40, 2);
insert into RoomAmenities (RoomAmenitiesID, RoomID, AmID) values (4, 26, 6);
insert into RoomAmenities (RoomAmenitiesID, RoomID, AmID) values (5, 23, 5);
insert into RoomAmenities (RoomAmenitiesID, RoomID, AmID) values (6, 19, 5);
insert into RoomAmenities (RoomAmenitiesID, RoomID, AmID) values (7, 29, 1);
insert into RoomAmenities (RoomAmenitiesID, RoomID, AmID) values (8, 29, 2);
insert into RoomAmenities (RoomAmenitiesID, RoomID, AmID) values (9, 12, 2);
insert into RoomAmenities (RoomAmenitiesID, RoomID, AmID) values (10, 22, 3);
insert into RoomAmenities (RoomAmenitiesID, RoomID, AmID) values (11, 37, 3);
insert into RoomAmenities (RoomAmenitiesID, RoomID, AmID) values (12, 44, 1);
insert into RoomAmenities (RoomAmenitiesID, RoomID, AmID) values (13, 23, 1);
insert into RoomAmenities (RoomAmenitiesID, RoomID, AmID) values (14, 43, 2);
insert into RoomAmenities (RoomAmenitiesID, RoomID, AmID) values (15, 16, 4);
insert into RoomAmenities (RoomAmenitiesID, RoomID, AmID) values (16, 42, 1);
insert into RoomAmenities (RoomAmenitiesID, RoomID, AmID) values (17, 39, 4);
insert into RoomAmenities (RoomAmenitiesID, RoomID, AmID) values (18, 48, 2);
insert into RoomAmenities (RoomAmenitiesID, RoomID, AmID) values (19, 18, 2);
insert into RoomAmenities (RoomAmenitiesID, RoomID, AmID) values (20, 28, 4);
insert into RoomAmenities (RoomAmenitiesID, RoomID, AmID) values (21, 48, 1);
insert into RoomAmenities (RoomAmenitiesID, RoomID, AmID) values (22, 42, 6);
insert into RoomAmenities (RoomAmenitiesID, RoomID, AmID) values (23, 47, 4);
insert into RoomAmenities (RoomAmenitiesID, RoomID, AmID) values (24, 46, 3);
insert into RoomAmenities (RoomAmenitiesID, RoomID, AmID) values (25, 24, 1);
insert into RoomAmenities (RoomAmenitiesID, RoomID, AmID) values (26, 23, 6);
insert into RoomAmenities (RoomAmenitiesID, RoomID, AmID) values (27, 24, 6);
insert into RoomAmenities (RoomAmenitiesID, RoomID, AmID) values (28, 47, 1);
insert into RoomAmenities (RoomAmenitiesID, RoomID, AmID) values (29, 32, 1);
insert into RoomAmenities (RoomAmenitiesID, RoomID, AmID) values (30, 44, 6);
insert into RoomAmenities (RoomAmenitiesID, RoomID, AmID) values (31, 14, 6);
insert into RoomAmenities (RoomAmenitiesID, RoomID, AmID) values (32, 39, 1);
insert into RoomAmenities (RoomAmenitiesID, RoomID, AmID) values (33, 19, 2);
insert into RoomAmenities (RoomAmenitiesID, RoomID, AmID) values (34, 44, 3);
insert into RoomAmenities (RoomAmenitiesID, RoomID, AmID) values (35, 21, 1);
insert into RoomAmenities (RoomAmenitiesID, RoomID, AmID) values (36, 26, 1);
insert into RoomAmenities (RoomAmenitiesID, RoomID, AmID) values (37, 46, 4);
insert into RoomAmenities (RoomAmenitiesID, RoomID, AmID) values (38, 40, 1);
insert into RoomAmenities (RoomAmenitiesID, RoomID, AmID) values (39, 41, 6);
insert into RoomAmenities (RoomAmenitiesID, RoomID, AmID) values (40, 26, 3);
insert into RoomAmenities (RoomAmenitiesID, RoomID, AmID) values (41, 15, 3);
insert into RoomAmenities (RoomAmenitiesID, RoomID, AmID) values (42, 44, 2);
insert into RoomAmenities (RoomAmenitiesID, RoomID, AmID) values (43, 14, 1);
insert into RoomAmenities (RoomAmenitiesID, RoomID, AmID) values (44, 13, 1);
insert into RoomAmenities (RoomAmenitiesID, RoomID, AmID) values (45, 43, 5);
insert into RoomAmenities (RoomAmenitiesID, RoomID, AmID) values (46, 25, 1);
insert into RoomAmenities (RoomAmenitiesID, RoomID, AmID) values (47, 49, 2);
insert into RoomAmenities (RoomAmenitiesID, RoomID, AmID) values (48, 40, 6);
insert into RoomAmenities (RoomAmenitiesID, RoomID, AmID) values (49, 31, 5);
insert into RoomAmenities (RoomAmenitiesID, RoomID, AmID) values (50, 48, 3);
insert into RoomAmenities (RoomAmenitiesID, RoomID, AmID) values (51, 20, 6);
insert into RoomAmenities (RoomAmenitiesID, RoomID, AmID) values (52, 15, 1);
insert into RoomAmenities (RoomAmenitiesID, RoomID, AmID) values (53, 35, 5);
insert into RoomAmenities (RoomAmenitiesID, RoomID, AmID) values (54, 44, 4);
insert into RoomAmenities (RoomAmenitiesID, RoomID, AmID) values (55, 34, 5);
insert into RoomAmenities (RoomAmenitiesID, RoomID, AmID) values (56, 17, 3);
insert into RoomAmenities (RoomAmenitiesID, RoomID, AmID) values (57, 30, 3);
insert into RoomAmenities (RoomAmenitiesID, RoomID, AmID) values (58, 39, 2);
insert into RoomAmenities (RoomAmenitiesID, RoomID, AmID) values (59, 34, 6);
insert into RoomAmenities (RoomAmenitiesID, RoomID, AmID) values (60, 35, 6);
insert into RoomAmenities (RoomAmenitiesID, RoomID, AmID) values (61, 47, 3);
insert into RoomAmenities (RoomAmenitiesID, RoomID, AmID) values (62, 12, 3);
insert into RoomAmenities (RoomAmenitiesID, RoomID, AmID) values (63, 12, 1);
insert into RoomAmenities (RoomAmenitiesID, RoomID, AmID) values (64, 12, 5);
insert into RoomAmenities (RoomAmenitiesID, RoomID, AmID) values (65, 18, 6);
insert into RoomAmenities (RoomAmenitiesID, RoomID, AmID) values (66, 26, 4);
insert into RoomAmenities (RoomAmenitiesID, RoomID, AmID) values (67, 35, 3);
insert into RoomAmenities (RoomAmenitiesID, RoomID, AmID) values (68, 19, 3);
insert into RoomAmenities (RoomAmenitiesID, RoomID, AmID) values (69, 28, 1);
insert into RoomAmenities (RoomAmenitiesID, RoomID, AmID) values (70, 48, 5);
insert into RoomAmenities (RoomAmenitiesID, RoomID, AmID) values (71, 37, 1);
insert into RoomAmenities (RoomAmenitiesID, RoomID, AmID) values (72, 34, 2);
insert into RoomAmenities (RoomAmenitiesID, RoomID, AmID) values (73, 42, 5);
insert into RoomAmenities (RoomAmenitiesID, RoomID, AmID) values (74, 12, 4);
insert into RoomAmenities (RoomAmenitiesID, RoomID, AmID) values (75, 36, 1);
insert into RoomAmenities (RoomAmenitiesID, RoomID, AmID) values (76, 33, 4);
insert into RoomAmenities (RoomAmenitiesID, RoomID, AmID) values (77, 48, 4);
insert into RoomAmenities (RoomAmenitiesID, RoomID, AmID) values (78, 44, 5);
insert into RoomAmenities (RoomAmenitiesID, RoomID, AmID) values (79, 49, 6);
insert into RoomAmenities (RoomAmenitiesID, RoomID, AmID) values (80, 15, 2);
insert into RoomAmenities (RoomAmenitiesID, RoomID, AmID) values (81, 26, 2);
insert into RoomAmenities (RoomAmenitiesID, RoomID, AmID) values (82, 47, 2);
insert into RoomAmenities (RoomAmenitiesID, RoomID, AmID) values (83, 46, 2);
insert into RoomAmenities (RoomAmenitiesID, RoomID, AmID) values (84, 45, 6);
insert into RoomAmenities (RoomAmenitiesID, RoomID, AmID) values (85, 34, 1);
insert into RoomAmenities (RoomAmenitiesID, RoomID, AmID) values (86, 24, 4);
insert into RoomAmenities (RoomAmenitiesID, RoomID, AmID) values (87, 40, 3);
insert into RoomAmenities (RoomAmenitiesID, RoomID, AmID) values (88, 46, 5);
insert into RoomAmenities (RoomAmenitiesID, RoomID, AmID) values (89, 25, 6);
insert into RoomAmenities (RoomAmenitiesID, RoomID, AmID) values (90, 42, 3);
insert into RoomAmenities (RoomAmenitiesID, RoomID, AmID) values (91, 22, 4);
insert into RoomAmenities (RoomAmenitiesID, RoomID, AmID) values (92, 38, 1);
insert into RoomAmenities (RoomAmenitiesID, RoomID, AmID) values (93, 30, 4);
insert into RoomAmenities (RoomAmenitiesID, RoomID, AmID) values (94, 12, 6);
insert into RoomAmenities (RoomAmenitiesID, RoomID, AmID) values (95, 46, 1);
insert into RoomAmenities (RoomAmenitiesID, RoomID, AmID) values (96, 39, 3);
insert into RoomAmenities (RoomAmenitiesID, RoomID, AmID) values (97, 14, 5);
insert into RoomAmenities (RoomAmenitiesID, RoomID, AmID) values (98, 43, 1);
insert into RoomAmenities (RoomAmenitiesID, RoomID, AmID) values (99, 20, 3);
insert into RoomAmenities (RoomAmenitiesID, RoomID, AmID) values (100, 14, 2);

insert into TypePricing (TypePricingID, TypeID, Price, startDate, endDate) values (1, 1, '500.87', "2000/01/01", "2019/01/01");
insert into TypePricing (TypePricingID, TypeID, Price, startDate, endDate) values (2, 2, '300.88', "2000/01/01", "2019/01/01");
insert into TypePricing (TypePricingID, TypeID, Price, startDate, endDate) values (3, 3, '270.82', "2000/01/01", "2019/01/01");
insert into TypePricing (TypePricingID, TypeID, Price, startDate, endDate) values (4, 4, '150.22', "2000/01/01", "2019/01/01");
insert into TypePricing (TypePricingID, TypeID, Price, startDate, endDate) values (5, 5, '140.27', "2000/01/01", "2019/01/01");
insert into TypePricing (TypePricingID, TypeID, Price, startDate, endDate) values (6, 6, '100.30', "2000/01/01", "2019/01/01");

insert into contactinfo (ContactID, phone, email) values (1, '637-310-4585', 'npetre0@nifty.com');
insert into contactinfo (ContactID, phone, email) values (2, '450-228-6712', 'cwoodison1@google.it');
insert into contactinfo (ContactID, phone, email) values (3, '702-319-8144', 'cfound2@rediff.com');
insert into contactinfo (ContactID, phone, email) values (4, '299-317-0454', 'rbessent3@howstuffworks.com');
insert into contactinfo (ContactID, phone, email) values (5, '255-145-9906', 'jdallicoat4@usnews.com');
insert into contactinfo (ContactID, phone, email) values (6, '532-997-1469', 'nfurlow5@etsy.com');
insert into contactinfo (ContactID, phone, email) values (7, '122-158-1365', 'ahancock6@hubpages.com');
insert into contactinfo (ContactID, phone, email) values (8, '750-916-9032', 'atitcombe7@wisc.edu');
insert into contactinfo (ContactID, phone, email) values (9, '811-170-2635', 'fstrainge8@harvard.edu');
insert into contactinfo (ContactID, phone, email) values (10, '830-272-8669', 'sramage9@scientificamerican.com');
insert into contactinfo (ContactID, phone, email) values (11, '358-536-7631', 'thandslipa@4shared.com');
insert into contactinfo (ContactID, phone, email) values (12, '871-857-5255', 'broskamb@gravatar.com');
insert into contactinfo (ContactID, phone, email) values (13, '573-617-1823', 'aburrenc@tinyurl.com');
insert into contactinfo (ContactID, phone, email) values (14, '961-227-1617', 'fstopfordd@time.com');
insert into contactinfo (ContactID, phone, email) values (15, '204-625-2259', 'mraistricke@sohu.com');
insert into contactinfo (ContactID, phone, email) values (16, '383-226-9788', 'tgillibrandf@webnode.com');
insert into contactinfo (ContactID, phone, email) values (17, '983-776-4267', 'jcasserlyg@unicef.org');
insert into contactinfo (ContactID, phone, email) values (18, '344-137-9944', 'aissacsonh@behance.net');
insert into contactinfo (ContactID, phone, email) values (19, '688-891-6529', 'eocallerani@networkadvertising.org');
insert into contactinfo (ContactID, phone, email) values (20, '298-167-0559', 'qredishj@cpanel.net');
insert into contactinfo (ContactID, phone, email) values (21, '575-214-2779', 'bborgnetk@mtv.com');
insert into contactinfo (ContactID, phone, email) values (22, '405-558-7721', 'evedishchevl@toplist.cz');
insert into contactinfo (ContactID, phone, email) values (23, '698-450-2088', 'bcargenvenm@japanpost.jp');
insert into contactinfo (ContactID, phone, email) values (24, '107-277-3494', 'pchadwinn@hugedomains.com');
insert into contactinfo (ContactID, phone, email) values (25, '552-753-5192', 'mcorfieldo@spotify.com');

insert into people (PeopleID, name, contactID, DOB) values (1, 'Cherey Fishleigh', 18, '1955-10-06');
insert into people (PeopleID, name, contactID, DOB) values (2, 'Ines Jenkins', 12, '1987-11-05');
insert into people (PeopleID, name, contactID, DOB) values (3, 'Redd Gorsse', 20, '1974-09-11');
insert into people (PeopleID, name, contactID, DOB) values (4, 'Grenville Glowach', 14, '1991-08-11');
insert into people (PeopleID, name, contactID, DOB) values (5, 'Stephi Sunnucks', 7, '1951-01-24');
insert into people (PeopleID, name, contactID, DOB) values (6, 'Bradley Eicke', 21, '1982-03-19');
insert into people (PeopleID, name, contactID, DOB) values (7, 'Eleonora Stobart', 23, '1971-12-09');
insert into people (PeopleID, name, contactID, DOB) values (8, 'Haily Gritton', 9, '1979-12-06');
insert into people (PeopleID, name, contactID, DOB) values (9, 'Nehemiah Greenroa', 4, '1963-07-09');
insert into people (PeopleID, name, contactID, DOB) values (10, 'Tab Lamanby', 24, '1975-05-27');
insert into people (PeopleID, name, contactID, DOB) values (11, 'Lutero Pretley', 11, '1982-02-16');
insert into people (PeopleID, name, contactID, DOB) values (12, 'Arabel Stopher', 3, '1972-01-18');
insert into people (PeopleID, name, contactID, DOB) values (13, 'Malva Higgan', 14, '1983-03-26');
insert into people (PeopleID, name, contactID, DOB) values (14, 'Oralla Walrond', 7, '1950-01-20');
insert into people (PeopleID, name, contactID, DOB) values (15, 'Tiffi Blencowe', 22, '1962-06-01');
insert into people (PeopleID, name, contactID, DOB) values (16, 'Benn Barday', 11, '1994-04-23');
insert into people (PeopleID, name, contactID, DOB) values (17, 'Wade Pavic', 5, '1969-07-10');
insert into people (PeopleID, name, contactID, DOB) values (18, 'Tate Ballam', 24, '1953-02-20');
insert into people (PeopleID, name, contactID, DOB) values (19, 'Maryrose Cathcart', 1, '1993-10-05');
insert into people (PeopleID, name, contactID, DOB) values (20, 'Kerri Tarbard', 1, '1950-01-04');
insert into people (PeopleID, name, contactID, DOB) values (21, 'Betta Klaes', 4, '1990-06-11');
insert into people (PeopleID, name, contactID, DOB) values (22, 'Robinet Bellow', 24, '1950-11-15');
insert into people (PeopleID, name, contactID, DOB) values (23, 'Egan Hawford', 5, '1989-02-07');
insert into people (PeopleID, name, contactID, DOB) values (24, 'Lorinda Smithyman', 23, '1972-04-02');
insert into people (PeopleID, name, contactID, DOB) values (25, 'Sigismund Fallis', 13, '1964-05-15');

insert into Reservation (reservationID, customerID) values (1, 1);
insert into Reservation (reservationID, customerID) values (2, 2);
insert into Reservation (reservationID, customerID) values (3, 3);
insert into Reservation (reservationID, customerID) values (4, 4);
insert into Reservation (reservationID, customerID) values (5, 5);
insert into Reservation (reservationID, customerID) values (6, 6);
insert into Reservation (reservationID, customerID) values (7, 7);
insert into Reservation (reservationID, customerID) values (8, 8);
insert into Reservation (reservationID, customerID) values (9, 9);
insert into Reservation (reservationID, customerID) values (10, 10);
insert into Reservation (reservationID, customerID) values (11, 11);
insert into Reservation (reservationID, customerID) values (12, 12);
 
insert into PromoDates (DateID) values (1);
insert into PromoDates (DateID, StartDate, EndDate) values (2, '2017-01-31', '2017-11-20');
insert into PromoDates (DateID, StartDate, EndDate) values (3, '2017-03-04', '2017-07-21');
insert into PromoDates (DateID, StartDate, EndDate) values (4, '2017-02-16', '2017-10-28');
insert into PromoDates (DateID, StartDate, EndDate) values (5, '2016-12-12', '2017-08-21');
insert into PromoDates (DateID, StartDate, EndDate) values (6, '2017-03-31', '2017-08-07');
insert into PromoDates (DateID, StartDate, EndDate) values (7, '2016-12-02', '2017-09-02');
insert into PromoDates (DateID, StartDate, EndDate) values (8, '2017-03-27', '2017-06-09');
insert into PromoDates (DateID, StartDate, EndDate) values (9, '2017-03-04', '2017-04-16');
insert into PromoDates (DateID, StartDate, EndDate) values (10, '2017-04-14', '2017-07-12');

insert into promotions (PromoID, PromoType, Discount, IsPercent, DateID) values (1, 'manager', 100, true, 1);
insert into promotions (PromoID, PromoType, Discount, IsPercent, DateID) values (2, 'shut them up', 20, true, 2);
insert into promotions (PromoID, PromoType, Discount, IsPercent, DateID) values (3, 'implementation', 17, false, 3);
insert into promotions (PromoID, PromoType, Discount, IsPercent, DateID) values (4, 'full-range', 62, true, 4);
insert into promotions (PromoID, PromoType, Discount, IsPercent, DateID) values (5, 'global customer', 36, true, 5);
insert into promotions (PromoID, PromoType, Discount, IsPercent, DateID) values (6, 'intangible', 34, true, 6);
insert into promotions (PromoID, PromoType, Discount, IsPercent, DateID) values (7, 'system-error', 43, false, 7);
insert into promotions (PromoID, PromoType, Discount, IsPercent, DateID) values (8, 'Universal', 22, true, 8);
insert into promotions (PromoID, PromoType, Discount, IsPercent, DateID) values (9, 'Total', 50, true, 9);
insert into promotions (PromoID, PromoType, Discount, IsPercent, DateID) values (10, 'foreground', 68, false, 10);

insert into AddOns (AddOnID, AddOnType, AddonPrice) values (1, 'Room Service', 191);
insert into AddOns (AddOnID, AddOnType, AddonPrice) values (2, 'pet fee', 236);
insert into AddOns (AddOnID, AddOnType, AddonPrice) values (3, 'Spa Treatment', 136);
insert into AddOns (AddOnID, AddOnType, AddonPrice) values (4, 'Pay Per View', 39);
insert into AddOns (AddOnID, AddOnType, AddonPrice) values (5, 'Long Distance Call', 59);
insert into AddOns (AddOnID, AddOnType, AddonPrice) values (6, 'Valet Parking', 140);
insert into AddOns (AddOnID, AddOnType, AddonPrice) values (7, 'Restaurant Charge', 234);
insert into AddOns (AddOnID, AddOnType, AddonPrice) values (8, 'Laundry', 59);

insert into RoomRes (ResID, RoomID, startDate, endDate) values (1, 39, '2017-11-08', '2017-12-06');
insert into RoomRes (ResID, RoomID, startDate, endDate) values (2, 24, '2017-12-17', '2017-12-20');
insert into RoomRes (ResID, RoomID, startDate, endDate) values (3, 40, '2017-11-14', '2017-12-21');
insert into RoomRes (ResID, RoomID, startDate, endDate) values (4, 19, '2017-10-17', '2017-11-19');
insert into RoomRes (ResID, RoomID, startDate, endDate) values (5, 29, '2017-11-07', '2017-12-22');
insert into RoomRes (ResID, RoomID, startDate, endDate) values (6, 34, '2017-10-12', '2018-01-29');
insert into RoomRes (ResID, RoomID, startDate, endDate) values (7, 26, '2017-11-05', '2017-11-28');
insert into RoomRes (ResID, RoomID, startDate, endDate) values (8, 40, '2017-09-11', '2017-10-08');
insert into RoomRes (ResID, RoomID, startDate, endDate) values (9, 31, '2017-12-27', '2017-12-30');
insert into RoomRes (ResID, RoomID, startDate, endDate) values (10, 37, '2017-10-20', '2017-10-24');
insert into RoomRes (ResID, RoomID, startDate, endDate) values (11, 16, '2017-11-04', '2018-01-09');
insert into RoomRes (ResID, RoomID, startDate, endDate) values (12, 13, '2017-12-04', '2018-01-14');

insert into guest (ResID, geustID) values (1, 1);
insert into guest (ResID, geustID) values (2, 2);
insert into guest (ResID, geustID) values (3, 3);
insert into guest (ResID, geustID) values (4, 4);
insert into guest (ResID, geustID) values (5, 5);
insert into guest (ResID, geustID) values (6, 6);
insert into guest (ResID, geustID) values (7, 7);
insert into guest (ResID, geustID) values (8, 8);
insert into guest (ResID, geustID) values (9, 9);
insert into guest (ResID, geustID) values (10, 10);
insert into guest (ResID, geustID) values (11, 11);
insert into guest (ResID, geustID) values (12, 12);
insert into guest (ResID, geustID) values (1, 13);
insert into guest (ResID, geustID) values (2, 14);
insert into guest (ResID, geustID) values (3, 15);
insert into guest (ResID, geustID) values (4, 16);
insert into guest (ResID, geustID) values (5, 17);
insert into guest (ResID, geustID) values (6, 18);
insert into guest (ResID, geustID) values (7, 19);
insert into guest (ResID, geustID) values (8, 20);
insert into guest (ResID, geustID) values (9, 21);
insert into guest (ResID, geustID) values (10, 22);
insert into guest (ResID, geustID) values (11, 23);
insert into guest (ResID, geustID) values (12, 24);
insert into guest (ResID, geustID) values (4, 25);

insert into Bill (BillID, ResID, Tax, total) values (1, 1, '0', '0');
insert into Bill (BillID, ResID, Tax, total) values (2, 2, '24.98', '6025.18');
insert into Bill (BillID, ResID, Tax, total) values (3, 3, '6.18', '101510.68');
insert into Bill (BillID, ResID, Tax, total) values (4, 4, '15.28', '12284.18');
insert into Bill (BillID, ResID, Tax, total) values (5, 5, '7.48', '19818.75');
insert into Bill (BillID, ResID, Tax, total) values (6, 6, '19.20', '10319.53');
insert into Bill (BillID, ResID, Tax, total) values (7, 7, '0', '0');
insert into Bill (BillID, ResID, Tax, total) values (8, 8, '20.72', '757.14');
insert into Bill (BillID, ResID, Tax, total) values (9, 9, '0', '0');
insert into Bill (BillID, ResID, Tax, total) values (10, 10, '15.66', '15790');
insert into Bill (BillID, ResID, Tax, total) values (11, 11, '9.18', '15790');
insert into Bill (BillID, ResID, Tax, total) values (12, 12, '19.08', '12951.37');

insert into BillAmenities (AmID, BillID) values (4, 1);
insert into BillAmenities (AmID, BillID) values (1, 1);
insert into BillAmenities (AmID, BillID) values (2, 1);
insert into BillAmenities (AmID, BillID) values (3, 1);
insert into BillAmenities (AmID, BillID) values (1, 2);
insert into BillAmenities (AmID, BillID) values (6, 2);
insert into BillAmenities (AmID, BillID) values (4, 2);
insert into BillAmenities (AmID, BillID) values (1, 3);
insert into BillAmenities (AmID, BillID) values (2, 3);
insert into BillAmenities (AmID, BillID) values (3, 3);
insert into BillAmenities (AmID, BillID) values (6, 3);
insert into BillAmenities (AmID, BillID) values (5, 4);
insert into BillAmenities (AmID, BillID) values (2, 4);
insert into BillAmenities (AmID, BillID) values (3, 4);
insert into BillAmenities (AmID, BillID) values (1, 5);
insert into BillAmenities (AmID, BillID) values (2, 5);
insert into BillAmenities (AmID, BillID) values (1, 6);
insert into BillAmenities (AmID, BillID) values (2, 6);
insert into BillAmenities (AmID, BillID) values (5, 6);
insert into BillAmenities (AmID, BillID) values (1, 7);
insert into BillAmenities (AmID, BillID) values (2, 7);
insert into BillAmenities (AmID, BillID) values (3, 7);
insert into BillAmenities (AmID, BillID) values (4, 7);
insert into BillAmenities (AmID, BillID) values (6, 7);
insert into BillAmenities (AmID, BillID) values (1, 8);
insert into BillAmenities (AmID, BillID) values (2, 8);
insert into BillAmenities (AmID, BillID) values (3, 8);
insert into BillAmenities (AmID, BillID) values (6, 8);
insert into BillAmenities (AmID, BillID) values (5, 9);
insert into BillAmenities (AmID, BillID) values (1, 10);
insert into BillAmenities (AmID, BillID) values (3, 10);
insert into BillAmenities (AmID, BillID) values (4, 11);
insert into BillAmenities (AmID, BillID) values (1, 12);


insert into BillAddOns (AddonID, BillID) values (1, 4);
insert into BillAddOns (AddonID, BillID) values (2, 5);
insert into BillAddOns (AddonID, BillID) values (3, 11);
insert into BillAddOns (AddonID, BillID) values (4, 8);
insert into BillAddOns (AddonID, BillID) values (5, 8);
insert into BillAddOns (AddonID, BillID) values (6, 10);
insert into BillAddOns (AddonID, BillID) values (7, 2);
insert into BillAddOns (AddonID, BillID) values (8, 9);
insert into BillAddOns (AddonID, BillID) values (1, 11);
insert into BillAddOns (AddonID, BillID) values (2, 3);
insert into BillAddOns (AddonID, BillID) values (3, 12);
insert into BillAddOns (AddonID, BillID) values (4, 6);
insert into BillAddOns (AddonID, BillID) values (5, 9);
insert into BillAddOns (AddonID, BillID) values (6, 3);
insert into BillAddOns (AddonID, BillID) values (7, 5);
insert into BillAddOns (AddonID, BillID) values (8, 11);
insert into BillAddOns (AddonID, BillID) values (1, 7);
insert into BillAddOns (AddonID, BillID) values (2, 7);
insert into BillAddOns (AddonID, BillID) values (3, 5);
insert into BillAddOns (AddonID, BillID) values (4, 6);
insert into BillAddOns (AddonID, BillID) values (5, 3);
insert into BillAddOns (AddonID, BillID) values (6, 2);
insert into BillAddOns (AddonID, BillID) values (7, 5);
insert into BillAddOns (AddonID, BillID) values (8, 9);
insert into BillAddOns (AddonID, BillID) values (1, 11);

insert into BillPromos (PromoID, BillID) values (9, 6);
insert into BillPromos (PromoID, BillID) values (9, 4);
insert into BillPromos (PromoID, BillID) values (9, 3);
insert into BillPromos (PromoID, BillID) values (7, 1);
insert into BillPromos (PromoID, BillID) values (4, 6);
insert into BillPromos (PromoID, BillID) values (2, 8);
insert into BillPromos (PromoID, BillID) values (3, 1);
insert into BillPromos (PromoID, BillID) values (1, 9);
insert into BillPromos (PromoID, BillID) values (1, 7);
insert into BillPromos (PromoID, BillID) values (10, 11);
insert into BillPromos (PromoID, BillID) values (4, 11);
insert into BillPromos (PromoID, BillID) values (2, 11);
insert into BillPromos (PromoID, BillID) values (7, 1);
insert into BillPromos (PromoID, BillID) values (2, 5);
insert into BillPromos (PromoID, BillID) values (10, 6);
insert into BillPromos (PromoID, BillID) values (1, 1);
insert into BillPromos (PromoID, BillID) values (3, 7);
insert into BillPromos (PromoID, BillID) values (6, 7);

insert into BillDetail (BillID, RoomTypeCost, AmenitiesCost, AddOnsCost, promotionDiscount) values (1, '991.39', '313.40', '229.16', '2429.91');
insert into BillDetail (BillID, RoomTypeCost, AmenitiesCost, AddOnsCost, promotionDiscount) values (2, '432.72', '385.36', '777.65', '61.35');
insert into BillDetail (BillID, RoomTypeCost, AmenitiesCost, AddOnsCost, promotionDiscount) values (3, '795.50', '409.03', '720.17', '6671.19');
insert into BillDetail (BillID, RoomTypeCost, AmenitiesCost, AddOnsCost, promotionDiscount) values (4, '151.56', '376.51', '757.42', '9937.60');
insert into BillDetail (BillID, RoomTypeCost, AmenitiesCost, AddOnsCost, promotionDiscount) values (5, '422.29', '697.21', '550.38', '1716.65');
insert into BillDetail (BillID, RoomTypeCost, AmenitiesCost, AddOnsCost, promotionDiscount) values (6, '916.42', '133.41', '408.95', '7867.84');
insert into BillDetail (BillID, RoomTypeCost, AmenitiesCost, AddOnsCost, promotionDiscount) values (7, '813.93', '335.16', '229.63', '5731.55');
insert into BillDetail (BillID, RoomTypeCost, AmenitiesCost, AddOnsCost, promotionDiscount) values (8, '718.25', '416.69', '612.37', '6391.71');
insert into BillDetail (BillID, RoomTypeCost, AmenitiesCost, AddOnsCost, promotionDiscount) values (9, '897.32', '105.87', '250.62', '1341.82');
insert into BillDetail (BillID, RoomTypeCost, AmenitiesCost, AddOnsCost, promotionDiscount) values (10, '685.36', '108.49', '188.22', '1996.77');
insert into BillDetail (BillID, RoomTypeCost, AmenitiesCost, AddOnsCost, promotionDiscount) values (11, '531.06', '754.81', '343.40', '8613.12');
insert into BillDetail (BillID, RoomTypeCost, AmenitiesCost, AddOnsCost, promotionDiscount) values (12, '782.94', '114.07', '579.97', '330.79');